dataset,lmbda,cluster_option,L,convergence_iter,optimum,time,seed,energy_list_file
Synthetic,10,kmedian,1e-05,4,290.7962773449018,0.23901999999999998,1,Synthetic\Lipschitz_energy_list_logs\kmedian__L=1e-05__lmb=10__seed=1.txt
Synthetic,10,kmedian,1e-05,3,0.0,0.048974300000000026,2,Synthetic\Lipschitz_energy_list_logs\kmedian__L=1e-05__lmb=10__seed=2.txt
Synthetic,10,kmedian,1e-05,4,0.0,0.06763469999999999,3,Synthetic\Lipschitz_energy_list_logs\kmedian__L=1e-05__lmb=10__seed=3.txt
Synthetic,10,kmedian,1e-05,3,0.0,0.07534039999999997,4,Synthetic\Lipschitz_energy_list_logs\kmedian__L=1e-05__lmb=10__seed=4.txt
Synthetic,10,kmedian,1e-05,4,0.0,0.06794860000000003,5,Synthetic\Lipschitz_energy_list_logs\kmedian__L=1e-05__lmb=10__seed=5.txt
Synthetic,10,kmedian,1e-05,4,0.0,0.10274860000000008,6,Synthetic\Lipschitz_energy_list_logs\kmedian__L=1e-05__lmb=10__seed=6.txt
Synthetic,10,kmedian,1e-05,4,0.0,0.06476749999999998,7,Synthetic\Lipschitz_energy_list_logs\kmedian__L=1e-05__lmb=10__seed=7.txt
Synthetic,10,kmedian,1e-05,3,295.8886530943578,0.06493660000000001,8,Synthetic\Lipschitz_energy_list_logs\kmedian__L=1e-05__lmb=10__seed=8.txt
Synthetic,10,kmedian,1e-05,4,0.0,0.12784529999999994,9,Synthetic\Lipschitz_energy_list_logs\kmedian__L=1e-05__lmb=10__seed=9.txt
Synthetic,10,kmedian,1e-05,4,0.0,0.07456640000000014,10,Synthetic\Lipschitz_energy_list_logs\kmedian__L=1e-05__lmb=10__seed=10.txt
Synthetic,10,kmeans,1e-05,4,373.44601767942413,0.10791040000000018,1,Synthetic\Lipschitz_energy_list_logs\kmeans__L=1e-05__lmb=10__seed=1.txt
Synthetic,10,kmeans,1e-05,3,0.0,0.1198401,2,Synthetic\Lipschitz_energy_list_logs\kmeans__L=1e-05__lmb=10__seed=2.txt
Synthetic,10,kmeans,1e-05,4,0.0,0.0751366,3,Synthetic\Lipschitz_energy_list_logs\kmeans__L=1e-05__lmb=10__seed=3.txt
Synthetic,10,kmeans,1e-05,3,0.0,0.14556479999999983,4,Synthetic\Lipschitz_energy_list_logs\kmeans__L=1e-05__lmb=10__seed=4.txt
Synthetic,10,kmeans,1e-05,4,0.0,0.09766779999999997,5,Synthetic\Lipschitz_energy_list_logs\kmeans__L=1e-05__lmb=10__seed=5.txt
Synthetic,10,kmeans,1e-05,4,0.0,0.0842217999999999,6,Synthetic\Lipschitz_energy_list_logs\kmeans__L=1e-05__lmb=10__seed=6.txt
Synthetic,10,kmeans,1e-05,4,0.0,0.17389520000000003,7,Synthetic\Lipschitz_energy_list_logs\kmeans__L=1e-05__lmb=10__seed=7.txt
Synthetic,10,kmeans,1e-05,3,373.2395175576885,0.09020649999999986,8,Synthetic\Lipschitz_energy_list_logs\kmeans__L=1e-05__lmb=10__seed=8.txt
Synthetic,10,kmeans,1e-05,4,0.0,0.15139109999999967,9,Synthetic\Lipschitz_energy_list_logs\kmeans__L=1e-05__lmb=10__seed=9.txt
Synthetic,10,kmeans,1e-05,4,0.0,0.1190007000000004,10,Synthetic\Lipschitz_energy_list_logs\kmeans__L=1e-05__lmb=10__seed=10.txt
Synthetic,10,ncut,1e-05,4,0.0,0.24819499999999994,1,Synthetic\Lipschitz_energy_list_logs\ncut__L=1e-05__lmb=10__seed=1.txt
Synthetic,10,ncut,1e-05,4,-2.2999999999999834e+17,0.15288129999999978,2,Synthetic\Lipschitz_energy_list_logs\ncut__L=1e-05__lmb=10__seed=2.txt
Synthetic,10,ncut,1e-05,4,0.0,0.20484300000000033,3,Synthetic\Lipschitz_energy_list_logs\ncut__L=1e-05__lmb=10__seed=3.txt
Synthetic,10,ncut,1e-05,4,-2.2999999999999834e+17,0.09485619999999972,4,Synthetic\Lipschitz_energy_list_logs\ncut__L=1e-05__lmb=10__seed=4.txt
Synthetic,10,ncut,1e-05,4,0.0,0.20728020000000003,5,Synthetic\Lipschitz_energy_list_logs\ncut__L=1e-05__lmb=10__seed=5.txt
Synthetic,10,ncut,1e-05,4,0.0,0.09387590000000001,6,Synthetic\Lipschitz_energy_list_logs\ncut__L=1e-05__lmb=10__seed=6.txt
Synthetic,10,ncut,1e-05,4,0.0,0.1456107999999996,7,Synthetic\Lipschitz_energy_list_logs\ncut__L=1e-05__lmb=10__seed=7.txt
Synthetic,10,ncut,1e-05,3,-2.0,0.15444429999999976,8,Synthetic\Lipschitz_energy_list_logs\ncut__L=1e-05__lmb=10__seed=8.txt
Synthetic,10,ncut,1e-05,4,0.0,0.09279629999999983,9,Synthetic\Lipschitz_energy_list_logs\ncut__L=1e-05__lmb=10__seed=9.txt
Synthetic,10,ncut,1e-05,4,0.0,0.19307189999999963,10,Synthetic\Lipschitz_energy_list_logs\ncut__L=1e-05__lmb=10__seed=10.txt
Synthetic,10,kmedian,0.0001,4,290.7962773449018,0.11656439999999968,1,Synthetic\Lipschitz_energy_list_logs\kmedian__L=0.0001__lmb=10__seed=1.txt
Synthetic,10,kmedian,0.0001,3,0.0,0.09752739999999971,2,Synthetic\Lipschitz_energy_list_logs\kmedian__L=0.0001__lmb=10__seed=2.txt
Synthetic,10,kmedian,0.0001,10000,293.9313879216652,6.8078261,3,Synthetic\Lipschitz_energy_list_logs\kmedian__L=0.0001__lmb=10__seed=3.txt
Synthetic,10,kmedian,0.0001,3,0.0,0.08558909999999997,4,Synthetic\Lipschitz_energy_list_logs\kmedian__L=0.0001__lmb=10__seed=4.txt
Synthetic,10,kmedian,0.0001,5,288.6720925971107,0.10839130000000097,5,Synthetic\Lipschitz_energy_list_logs\kmedian__L=0.0001__lmb=10__seed=5.txt
Synthetic,10,kmedian,0.0001,8,288.94499682947696,0.12346799999999902,6,Synthetic\Lipschitz_energy_list_logs\kmedian__L=0.0001__lmb=10__seed=6.txt
Synthetic,10,kmedian,0.0001,5,290.3165286627476,0.10943579999999997,7,Synthetic\Lipschitz_energy_list_logs\kmedian__L=0.0001__lmb=10__seed=7.txt
Synthetic,10,kmedian,0.0001,3,295.8886530943578,0.14534259999999932,8,Synthetic\Lipschitz_energy_list_logs\kmedian__L=0.0001__lmb=10__seed=8.txt
Synthetic,10,kmedian,0.0001,4,290.0294137310311,0.11489320000000092,9,Synthetic\Lipschitz_energy_list_logs\kmedian__L=0.0001__lmb=10__seed=9.txt
Synthetic,10,kmedian,0.0001,4,0.0,0.10698790000000002,10,Synthetic\Lipschitz_energy_list_logs\kmedian__L=0.0001__lmb=10__seed=10.txt
Synthetic,10,kmeans,0.0001,4,373.44601767942413,0.14390130000000134,1,Synthetic\Lipschitz_energy_list_logs\kmeans__L=0.0001__lmb=10__seed=1.txt
Synthetic,10,kmeans,0.0001,3,0.0,0.10948319999999967,2,Synthetic\Lipschitz_energy_list_logs\kmeans__L=0.0001__lmb=10__seed=2.txt
Synthetic,10,kmeans,0.0001,6,369.85578407459406,0.14555589999999974,3,Synthetic\Lipschitz_energy_list_logs\kmeans__L=0.0001__lmb=10__seed=3.txt
Synthetic,10,kmeans,0.0001,3,0.0,0.1332310999999997,4,Synthetic\Lipschitz_energy_list_logs\kmeans__L=0.0001__lmb=10__seed=4.txt
Synthetic,10,kmeans,0.0001,8,370.2859908102199,0.11940230000000085,5,Synthetic\Lipschitz_energy_list_logs\kmeans__L=0.0001__lmb=10__seed=5.txt
Synthetic,10,kmeans,0.0001,5,368.9509367164592,0.1641931000000003,6,Synthetic\Lipschitz_energy_list_logs\kmeans__L=0.0001__lmb=10__seed=6.txt
Synthetic,10,kmeans,0.0001,7,367.59690614585406,0.1440310999999994,7,Synthetic\Lipschitz_energy_list_logs\kmeans__L=0.0001__lmb=10__seed=7.txt
Synthetic,10,kmeans,0.0001,3,373.2395175576885,0.12043919999999986,8,Synthetic\Lipschitz_energy_list_logs\kmeans__L=0.0001__lmb=10__seed=8.txt
Synthetic,10,kmeans,0.0001,4,369.83868398342645,0.17190369999999966,9,Synthetic\Lipschitz_energy_list_logs\kmeans__L=0.0001__lmb=10__seed=9.txt
Synthetic,10,kmeans,0.0001,4,0.0,0.11946230000000035,10,Synthetic\Lipschitz_energy_list_logs\kmeans__L=0.0001__lmb=10__seed=10.txt
Synthetic,10,ncut,0.0001,5,-1.5299999999999892e+18,0.15722280000000133,1,Synthetic\Lipschitz_energy_list_logs\ncut__L=0.0001__lmb=10__seed=1.txt
Synthetic,10,ncut,0.0001,4,-1.9999999999999862e+18,0.16293860000000038,2,Synthetic\Lipschitz_energy_list_logs\ncut__L=0.0001__lmb=10__seed=2.txt
Synthetic,10,ncut,0.0001,4,0.0,0.12576579999999993,3,Synthetic\Lipschitz_energy_list_logs\ncut__L=0.0001__lmb=10__seed=3.txt
Synthetic,10,ncut,0.0001,4,-1.9999999999999862e+18,0.18444039999999973,4,Synthetic\Lipschitz_energy_list_logs\ncut__L=0.0001__lmb=10__seed=4.txt
Synthetic,10,ncut,0.0001,4,0.0,0.13333120000000065,5,Synthetic\Lipschitz_energy_list_logs\ncut__L=0.0001__lmb=10__seed=5.txt
Synthetic,10,ncut,0.0001,4,0.0,0.13189150000000005,6,Synthetic\Lipschitz_energy_list_logs\ncut__L=0.0001__lmb=10__seed=6.txt
Synthetic,10,ncut,0.0001,5,-1.9999999999999862e+18,0.18888579999999955,7,Synthetic\Lipschitz_energy_list_logs\ncut__L=0.0001__lmb=10__seed=7.txt
Synthetic,10,ncut,0.0001,3,-2.0,0.13286850000000072,8,Synthetic\Lipschitz_energy_list_logs\ncut__L=0.0001__lmb=10__seed=8.txt
Synthetic,10,ncut,0.0001,5,-1.9999999999999862e+18,0.18066409999999955,9,Synthetic\Lipschitz_energy_list_logs\ncut__L=0.0001__lmb=10__seed=9.txt
Synthetic,10,ncut,0.0001,4,0.0,0.1654580999999986,10,Synthetic\Lipschitz_energy_list_logs\ncut__L=0.0001__lmb=10__seed=10.txt
Synthetic,10,kmedian,0.001,6,290.7965779438123,0.1417995000000012,1,Synthetic\Lipschitz_energy_list_logs\kmedian__L=0.001__lmb=10__seed=1.txt
Synthetic,10,kmedian,0.001,4,-7.549999999999941e+17,0.20893689999999943,2,Synthetic\Lipschitz_energy_list_logs\kmedian__L=0.001__lmb=10__seed=2.txt
Synthetic,10,kmedian,0.001,9,293.8729533407525,0.16404320000000006,3,Synthetic\Lipschitz_energy_list_logs\kmedian__L=0.001__lmb=10__seed=3.txt
Synthetic,10,kmedian,0.001,4,-9.499999999999926e+17,0.14253219999999978,4,Synthetic\Lipschitz_energy_list_logs\kmedian__L=0.001__lmb=10__seed=4.txt
Synthetic,10,kmedian,0.001,6,288.6721121524339,0.20897380000000076,5,Synthetic\Lipschitz_energy_list_logs\kmedian__L=0.001__lmb=10__seed=5.txt
Synthetic,10,kmedian,0.001,11,288.94283172424923,0.15551900000000174,6,Synthetic\Lipschitz_energy_list_logs\kmedian__L=0.001__lmb=10__seed=6.txt
Synthetic,10,kmedian,0.001,6,290.316532571823,0.18373650000000197,7,Synthetic\Lipschitz_energy_list_logs\kmedian__L=0.001__lmb=10__seed=7.txt
Synthetic,10,kmedian,0.001,3,295.8886530943578,0.1856094000000006,8,Synthetic\Lipschitz_energy_list_logs\kmedian__L=0.001__lmb=10__seed=8.txt
Synthetic,10,kmedian,0.001,13,289.95201611083087,0.15903899999999993,9,Synthetic\Lipschitz_energy_list_logs\kmedian__L=0.001__lmb=10__seed=9.txt
Synthetic,10,kmedian,0.001,8,290.98957231121835,0.22336569999999867,10,Synthetic\Lipschitz_energy_list_logs\kmedian__L=0.001__lmb=10__seed=10.txt
Synthetic,10,kmeans,0.001,5,373.4460292731286,0.15754009999999852,1,Synthetic\Lipschitz_energy_list_logs\kmeans__L=0.001__lmb=10__seed=1.txt
Synthetic,10,kmeans,0.001,3,0.0,0.15707060000000084,2,Synthetic\Lipschitz_energy_list_logs\kmeans__L=0.001__lmb=10__seed=2.txt
Synthetic,10,kmeans,0.001,7,369.9435832403708,0.22281380000000084,3,Synthetic\Lipschitz_energy_list_logs\kmeans__L=0.001__lmb=10__seed=3.txt
Synthetic,10,kmeans,0.001,3,0.0,0.15680879999999675,4,Synthetic\Lipschitz_energy_list_logs\kmeans__L=0.001__lmb=10__seed=4.txt
Synthetic,10,kmeans,0.001,11,370.2968265618531,0.20670519999999826,5,Synthetic\Lipschitz_energy_list_logs\kmeans__L=0.001__lmb=10__seed=5.txt
Synthetic,10,kmeans,0.001,5,368.95095060586704,0.18557689999999738,6,Synthetic\Lipschitz_energy_list_logs\kmeans__L=0.001__lmb=10__seed=6.txt
Synthetic,10,kmeans,0.001,8,367.59690828726673,0.17174229999999824,7,Synthetic\Lipschitz_energy_list_logs\kmeans__L=0.001__lmb=10__seed=7.txt
Synthetic,10,kmeans,0.001,3,373.2395175576885,0.23188169999999886,8,Synthetic\Lipschitz_energy_list_logs\kmeans__L=0.001__lmb=10__seed=8.txt
Synthetic,10,kmeans,0.001,14,369.70712592392624,0.19272499999999937,9,Synthetic\Lipschitz_energy_list_logs\kmeans__L=0.001__lmb=10__seed=9.txt
Synthetic,10,kmeans,0.001,9,363.0234553325335,0.18771360000000215,10,Synthetic\Lipschitz_energy_list_logs\kmeans__L=0.001__lmb=10__seed=10.txt
Synthetic,10,ncut,0.001,5,-1.9999999999999862e+18,0.24320240000000126,1,Synthetic\Lipschitz_energy_list_logs\ncut__L=0.001__lmb=10__seed=1.txt
Synthetic,10,ncut,0.001,4,-29987.117278438778,0.17842469999999722,2,Synthetic\Lipschitz_energy_list_logs\ncut__L=0.001__lmb=10__seed=2.txt
Synthetic,10,ncut,0.001,5,-1.9999999999999862e+18,0.22378129999999885,3,Synthetic\Lipschitz_energy_list_logs\ncut__L=0.001__lmb=10__seed=3.txt
Synthetic,10,ncut,0.001,4,-29987.117278438778,0.20534530000000117,4,Synthetic\Lipschitz_energy_list_logs\ncut__L=0.001__lmb=10__seed=4.txt
Synthetic,10,ncut,0.001,5,-1.9999999999999862e+18,0.17827999999999733,5,Synthetic\Lipschitz_energy_list_logs\ncut__L=0.001__lmb=10__seed=5.txt
Synthetic,10,ncut,0.001,5,-1.9999999999999862e+18,0.2566769000000022,6,Synthetic\Lipschitz_energy_list_logs\ncut__L=0.001__lmb=10__seed=6.txt
Synthetic,10,ncut,0.001,5,-104789.82471538198,0.1792086000000026,7,Synthetic\Lipschitz_energy_list_logs\ncut__L=0.001__lmb=10__seed=7.txt
Synthetic,10,ncut,0.001,5,-1.999999998558919,0.18644010000000222,8,Synthetic\Lipschitz_energy_list_logs\ncut__L=0.001__lmb=10__seed=8.txt
Synthetic,10,ncut,0.001,5,-87463245.71830074,0.24564790000000158,9,Synthetic\Lipschitz_energy_list_logs\ncut__L=0.001__lmb=10__seed=9.txt
Synthetic,10,ncut,0.001,5,-1.9999999999999862e+18,0.18400370000000166,10,Synthetic\Lipschitz_energy_list_logs\ncut__L=0.001__lmb=10__seed=10.txt
Synthetic,10,kmedian,0.01,10,290.80875097446415,0.2439877999999993,1,Synthetic\Lipschitz_energy_list_logs\kmedian__L=0.01__lmb=10__seed=1.txt
Synthetic,10,kmedian,0.01,4,-1.9999999999999844e+18,0.23396250000000052,2,Synthetic\Lipschitz_energy_list_logs\kmedian__L=0.01__lmb=10__seed=2.txt
Synthetic,10,kmedian,0.01,14,293.8800989333986,0.20566009999999935,3,Synthetic\Lipschitz_energy_list_logs\kmedian__L=0.01__lmb=10__seed=3.txt
Synthetic,10,kmedian,0.01,4,-1.9999999999999844e+18,0.2606012,4,Synthetic\Lipschitz_energy_list_logs\kmedian__L=0.01__lmb=10__seed=4.txt
Synthetic,10,kmedian,0.01,14,288.69811169722107,0.20317619999999792,5,Synthetic\Lipschitz_energy_list_logs\kmedian__L=0.01__lmb=10__seed=5.txt
Synthetic,10,kmedian,0.01,9,288.91967030018054,0.1987527,6,Synthetic\Lipschitz_energy_list_logs\kmedian__L=0.01__lmb=10__seed=6.txt
Synthetic,10,kmedian,0.01,12,290.31922795977255,0.2766120000000001,7,Synthetic\Lipschitz_energy_list_logs\kmedian__L=0.01__lmb=10__seed=7.txt
Synthetic,10,kmedian,0.01,3,295.8886530943578,0.19334050000000147,8,Synthetic\Lipschitz_energy_list_logs\kmedian__L=0.01__lmb=10__seed=8.txt
Synthetic,10,kmedian,0.01,12,289.970173525292,0.2516481000000006,9,Synthetic\Lipschitz_energy_list_logs\kmedian__L=0.01__lmb=10__seed=9.txt
Synthetic,10,kmedian,0.01,13,290.98739971583313,0.24176789999999926,10,Synthetic\Lipschitz_energy_list_logs\kmedian__L=0.01__lmb=10__seed=10.txt
Synthetic,10,kmeans,0.01,10,373.4510685729898,0.21257530000000102,1,Synthetic\Lipschitz_energy_list_logs\kmeans__L=0.01__lmb=10__seed=1.txt
Synthetic,10,kmeans,0.01,4,-1.999999999999984e+18,0.267422100000001,2,Synthetic\Lipschitz_energy_list_logs\kmeans__L=0.01__lmb=10__seed=2.txt
Synthetic,10,kmeans,0.01,7,369.9738616852447,0.2171410999999992,3,Synthetic\Lipschitz_energy_list_logs\kmeans__L=0.01__lmb=10__seed=3.txt
Synthetic,10,kmeans,0.01,4,-1.999999999999984e+18,0.20393350000000154,4,Synthetic\Lipschitz_energy_list_logs\kmeans__L=0.01__lmb=10__seed=4.txt
Synthetic,10,kmeans,0.01,14,370.24074982338897,0.27695369999999997,5,Synthetic\Lipschitz_energy_list_logs\kmeans__L=0.01__lmb=10__seed=5.txt
Synthetic,10,kmeans,0.01,8,368.9528872431955,0.2132380999999981,6,Synthetic\Lipschitz_energy_list_logs\kmeans__L=0.01__lmb=10__seed=6.txt
Synthetic,10,kmeans,0.01,12,367.6011547948788,0.26046930000000046,7,Synthetic\Lipschitz_energy_list_logs\kmeans__L=0.01__lmb=10__seed=7.txt
Synthetic,10,kmeans,0.01,3,373.2395175576885,0.25777590000000217,8,Synthetic\Lipschitz_energy_list_logs\kmeans__L=0.01__lmb=10__seed=8.txt
Synthetic,10,kmeans,0.01,17,369.7251982600565,0.2238515000000021,9,Synthetic\Lipschitz_energy_list_logs\kmeans__L=0.01__lmb=10__seed=9.txt
Synthetic,10,kmeans,0.01,11,363.1229574597089,0.29011230000000054,10,Synthetic\Lipschitz_energy_list_logs\kmeans__L=0.01__lmb=10__seed=10.txt
Synthetic,10,ncut,0.01,7,-3692776.746306997,0.23054169999999985,1,Synthetic\Lipschitz_energy_list_logs\ncut__L=0.01__lmb=10__seed=1.txt
Synthetic,10,ncut,0.01,6,-1.9999999999999862e+18,0.22920750000000112,2,Synthetic\Lipschitz_energy_list_logs\ncut__L=0.01__lmb=10__seed=2.txt
Synthetic,10,ncut,0.01,6,-702658.5152080605,0.30584650000000124,3,Synthetic\Lipschitz_energy_list_logs\ncut__L=0.01__lmb=10__seed=3.txt
Synthetic,10,ncut,0.01,6,-1.9999999999999862e+18,0.23049230000000165,4,Synthetic\Lipschitz_energy_list_logs\ncut__L=0.01__lmb=10__seed=4.txt
Synthetic,10,ncut,0.01,6,-5371.569405748161,0.2617004999999999,5,Synthetic\Lipschitz_energy_list_logs\ncut__L=0.01__lmb=10__seed=5.txt
Synthetic,10,ncut,0.01,6,-447824.83466404746,0.271862500000001,6,Synthetic\Lipschitz_energy_list_logs\ncut__L=0.01__lmb=10__seed=6.txt
Synthetic,10,ncut,0.01,107,-1.7028805144389123,0.35003479999999954,7,Synthetic\Lipschitz_energy_list_logs\ncut__L=0.01__lmb=10__seed=7.txt
Synthetic,10,ncut,0.01,21,-1.999984955432312,0.30581869999999967,8,Synthetic\Lipschitz_energy_list_logs\ncut__L=0.01__lmb=10__seed=8.txt
Synthetic,10,ncut,0.01,103,-1.637002134838752,0.36872619999999756,9,Synthetic\Lipschitz_energy_list_logs\ncut__L=0.01__lmb=10__seed=9.txt
Synthetic,10,ncut,0.01,6,-5284675513912.897,0.24118009999999757,10,Synthetic\Lipschitz_energy_list_logs\ncut__L=0.01__lmb=10__seed=10.txt
Synthetic,10,kmedian,0.1,28,290.8460376001974,0.31637800000000027,1,Synthetic\Lipschitz_energy_list_logs\kmedian__L=0.1__lmb=10__seed=1.txt
Synthetic,10,kmedian,0.1,5,-9.999999999999927e+17,0.2430784999999993,2,Synthetic\Lipschitz_energy_list_logs\kmedian__L=0.1__lmb=10__seed=2.txt
Synthetic,10,kmedian,0.1,24,293.9428984247336,0.27872569999999897,3,Synthetic\Lipschitz_energy_list_logs\kmedian__L=0.1__lmb=10__seed=3.txt
Synthetic,10,kmedian,0.1,5,-1.9999999999999854e+18,0.25929800000000114,4,Synthetic\Lipschitz_energy_list_logs\kmedian__L=0.1__lmb=10__seed=4.txt
Synthetic,10,kmedian,0.1,27,288.7380266578758,0.2637932999999997,5,Synthetic\Lipschitz_energy_list_logs\kmedian__L=0.1__lmb=10__seed=5.txt
Synthetic,10,kmedian,0.1,24,288.9376844868666,0.2325160000000004,6,Synthetic\Lipschitz_energy_list_logs\kmedian__L=0.1__lmb=10__seed=6.txt
Synthetic,10,kmedian,0.1,21,290.3401881767455,0.25231789999999776,7,Synthetic\Lipschitz_energy_list_logs\kmedian__L=0.1__lmb=10__seed=7.txt
Synthetic,10,kmedian,0.1,4,295.8886828784239,0.30233579999999804,8,Synthetic\Lipschitz_energy_list_logs\kmedian__L=0.1__lmb=10__seed=8.txt
Synthetic,10,kmedian,0.1,24,289.9858385562219,0.32286599999999765,9,Synthetic\Lipschitz_energy_list_logs\kmedian__L=0.1__lmb=10__seed=9.txt
Synthetic,10,kmedian,0.1,27,291.01413663291464,0.34150869999999856,10,Synthetic\Lipschitz_energy_list_logs\kmedian__L=0.1__lmb=10__seed=10.txt
Synthetic,10,kmeans,0.1,18,373.4620797903997,0.3603900999999965,1,Synthetic\Lipschitz_energy_list_logs\kmeans__L=0.1__lmb=10__seed=1.txt
Synthetic,10,kmeans,0.1,4,-772945687.1736679,0.3751115000000027,2,Synthetic\Lipschitz_energy_list_logs\kmeans__L=0.1__lmb=10__seed=2.txt
Synthetic,10,kmeans,0.1,13,370.0172311554913,0.30896860000000004,3,Synthetic\Lipschitz_energy_list_logs\kmeans__L=0.1__lmb=10__seed=3.txt
Synthetic,10,kmeans,0.1,4,-3439944201.0738325,0.41991930000000366,4,Synthetic\Lipschitz_energy_list_logs\kmeans__L=0.1__lmb=10__seed=4.txt
Synthetic,10,kmeans,0.1,17,370.2885945517855,0.40555839999999677,5,Synthetic\Lipschitz_energy_list_logs\kmeans__L=0.1__lmb=10__seed=5.txt
Synthetic,10,kmeans,0.1,14,368.9060712348481,0.3394210999999956,6,Synthetic\Lipschitz_energy_list_logs\kmeans__L=0.1__lmb=10__seed=6.txt
Synthetic,10,kmeans,0.1,15,367.60727967083676,0.5309266000000008,7,Synthetic\Lipschitz_energy_list_logs\kmeans__L=0.1__lmb=10__seed=7.txt
Synthetic,10,kmeans,0.1,3,373.239517557693,0.3470966000000004,8,Synthetic\Lipschitz_energy_list_logs\kmeans__L=0.1__lmb=10__seed=8.txt
Synthetic,10,kmeans,0.1,16,369.77182732108497,0.47039680000000317,9,Synthetic\Lipschitz_energy_list_logs\kmeans__L=0.1__lmb=10__seed=9.txt
Synthetic,10,kmeans,0.1,12,363.12035810277075,0.5114929000000004,10,Synthetic\Lipschitz_energy_list_logs\kmeans__L=0.1__lmb=10__seed=10.txt
Synthetic,10,ncut,0.1,496,-1.316304005937572,0.8886702,1,Synthetic\Lipschitz_energy_list_logs\ncut__L=0.1__lmb=10__seed=1.txt
Synthetic,10,ncut,0.1,1025,-0.41472388397574167,1.0532704000000024,2,Synthetic\Lipschitz_energy_list_logs\ncut__L=0.1__lmb=10__seed=2.txt
Synthetic,10,ncut,0.1,626,-0.9456591994678998,0.7232666000000023,3,Synthetic\Lipschitz_energy_list_logs\ncut__L=0.1__lmb=10__seed=3.txt
Synthetic,10,ncut,0.1,1025,-0.41472388397574167,0.8973787999999985,4,Synthetic\Lipschitz_energy_list_logs\ncut__L=0.1__lmb=10__seed=4.txt
Synthetic,10,ncut,0.1,577,-1.0387563665501354,0.5747648999999981,5,Synthetic\Lipschitz_energy_list_logs\ncut__L=0.1__lmb=10__seed=5.txt
Synthetic,10,ncut,0.1,627,-0.9546952346680453,0.5805123000000023,6,Synthetic\Lipschitz_energy_list_logs\ncut__L=0.1__lmb=10__seed=6.txt
Synthetic,10,ncut,0.1,292,-1.7007952541620037,0.4139837999999969,7,Synthetic\Lipschitz_energy_list_logs\ncut__L=0.1__lmb=10__seed=7.txt
Synthetic,10,ncut,0.1,114,-1.9997468009994963,0.3181647000000041,8,Synthetic\Lipschitz_energy_list_logs\ncut__L=0.1__lmb=10__seed=8.txt
Synthetic,10,ncut,0.1,310,-1.6350717624073425,0.424392399999995,9,Synthetic\Lipschitz_energy_list_logs\ncut__L=0.1__lmb=10__seed=9.txt
Synthetic,10,ncut,0.1,746,-0.7663699843685268,0.7158525999999981,10,Synthetic\Lipschitz_energy_list_logs\ncut__L=0.1__lmb=10__seed=10.txt
Synthetic,10,kmedian,1.0,83,290.97221802718906,0.3266155000000026,1,Synthetic\Lipschitz_energy_list_logs\kmedian__L=1.0__lmb=10__seed=1.txt
Synthetic,10,kmedian,1.0,49,299.0411005725548,0.2999050999999966,2,Synthetic\Lipschitz_energy_list_logs\kmedian__L=1.0__lmb=10__seed=2.txt
Synthetic,10,kmedian,1.0,84,294.04878126181825,0.34525440000000174,3,Synthetic\Lipschitz_energy_list_logs\kmedian__L=1.0__lmb=10__seed=3.txt
Synthetic,10,kmedian,1.0,50,297.4928883044911,0.286088399999997,4,Synthetic\Lipschitz_energy_list_logs\kmedian__L=1.0__lmb=10__seed=4.txt
Synthetic,10,kmedian,1.0,85,288.8820522521377,0.3273310000000009,5,Synthetic\Lipschitz_energy_list_logs\kmedian__L=1.0__lmb=10__seed=5.txt
Synthetic,10,kmedian,1.0,85,289.04903745309696,0.3364086999999998,6,Synthetic\Lipschitz_energy_list_logs\kmedian__L=1.0__lmb=10__seed=6.txt
Synthetic,10,kmedian,1.0,73,290.4261529121413,0.4674281999999934,7,Synthetic\Lipschitz_energy_list_logs\kmedian__L=1.0__lmb=10__seed=7.txt
Synthetic,10,kmedian,1.0,18,295.89172001177405,0.480977799999998,8,Synthetic\Lipschitz_energy_list_logs\kmedian__L=1.0__lmb=10__seed=8.txt
Synthetic,10,kmedian,1.0,77,290.08851658764104,0.4903578000000053,9,Synthetic\Lipschitz_energy_list_logs\kmedian__L=1.0__lmb=10__seed=9.txt
Synthetic,10,kmedian,1.0,86,291.1513385158026,0.3914236000000031,10,Synthetic\Lipschitz_energy_list_logs\kmedian__L=1.0__lmb=10__seed=10.txt
Synthetic,10,kmeans,1.0,61,373.57507360288184,0.43701039999999836,1,Synthetic\Lipschitz_energy_list_logs\kmeans__L=1.0__lmb=10__seed=1.txt
Synthetic,10,kmeans,1.0,12,341.8352353885538,0.5067943000000028,2,Synthetic\Lipschitz_energy_list_logs\kmeans__L=1.0__lmb=10__seed=2.txt
Synthetic,10,kmeans,1.0,58,370.07165085476026,0.5569228999999964,3,Synthetic\Lipschitz_energy_list_logs\kmeans__L=1.0__lmb=10__seed=3.txt
Synthetic,10,kmeans,1.0,42,362.8881621477732,0.6483477000000022,4,Synthetic\Lipschitz_energy_list_logs\kmeans__L=1.0__lmb=10__seed=4.txt
Synthetic,10,kmeans,1.0,60,370.3996951214887,0.5713385000000031,5,Synthetic\Lipschitz_energy_list_logs\kmeans__L=1.0__lmb=10__seed=5.txt
Synthetic,10,kmeans,1.0,60,368.9693382456549,0.6267453000000032,6,Synthetic\Lipschitz_energy_list_logs\kmeans__L=1.0__lmb=10__seed=6.txt
Synthetic,10,kmeans,1.0,49,367.6701656982815,0.49607509999999877,7,Synthetic\Lipschitz_energy_list_logs\kmeans__L=1.0__lmb=10__seed=7.txt
Synthetic,10,kmeans,1.0,7,373.2400623952484,0.38878179999999674,8,Synthetic\Lipschitz_energy_list_logs\kmeans__L=1.0__lmb=10__seed=8.txt
Synthetic,10,kmeans,1.0,53,369.8381811351087,0.3963602999999978,9,Synthetic\Lipschitz_energy_list_logs\kmeans__L=1.0__lmb=10__seed=9.txt
Synthetic,10,kmeans,1.0,49,363.14870161764406,0.521841000000002,10,Synthetic\Lipschitz_energy_list_logs\kmeans__L=1.0__lmb=10__seed=10.txt
Synthetic,10,ncut,1.0,2172,-1.3039111488579145,1.8595070000000007,1,Synthetic\Lipschitz_energy_list_logs\ncut__L=1.0__lmb=10__seed=1.txt
Synthetic,10,ncut,1.0,4190,-0.40608399145892315,2.641808400000002,2,Synthetic\Lipschitz_energy_list_logs\ncut__L=1.0__lmb=10__seed=2.txt
Synthetic,10,ncut,1.0,2579,-0.9339602390579667,1.7766762999999983,3,Synthetic\Lipschitz_energy_list_logs\ncut__L=1.0__lmb=10__seed=3.txt
Synthetic,10,ncut,1.0,4190,-0.40608399145892315,2.7278515,4,Synthetic\Lipschitz_energy_list_logs\ncut__L=1.0__lmb=10__seed=4.txt
Synthetic,10,ncut,1.0,2420,-1.0270370869726184,1.710355800000002,5,Synthetic\Lipschitz_energy_list_logs\ncut__L=1.0__lmb=10__seed=5.txt
Synthetic,10,ncut,1.0,2559,-0.9427637593370644,1.7833856000000026,6,Synthetic\Lipschitz_energy_list_logs\ncut__L=1.0__lmb=10__seed=6.txt
Synthetic,10,ncut,1.0,1402,-1.6920024427596192,1.1062986000000024,7,Synthetic\Lipschitz_energy_list_logs\ncut__L=1.0__lmb=10__seed=7.txt
Synthetic,10,ncut,1.0,799,-1.9975375183955575,0.7539012999999954,8,Synthetic\Lipschitz_energy_list_logs\ncut__L=1.0__lmb=10__seed=8.txt
Synthetic,10,ncut,1.0,1575,-1.6264520018429174,1.1807052999999996,9,Synthetic\Lipschitz_energy_list_logs\ncut__L=1.0__lmb=10__seed=9.txt
Synthetic,10,ncut,1.0,2819,-0.7550292739714355,1.9515865999999988,10,Synthetic\Lipschitz_energy_list_logs\ncut__L=1.0__lmb=10__seed=10.txt
Synthetic,10,kmedian,2.0,131,291.04095633927113,0.3560890999999913,1,Synthetic\Lipschitz_energy_list_logs\kmedian__L=2.0__lmb=10__seed=1.txt
Synthetic,10,kmedian,2.0,78,299.080110908231,0.3292492000000067,2,Synthetic\Lipschitz_energy_list_logs\kmedian__L=2.0__lmb=10__seed=2.txt
Synthetic,10,kmedian,2.0,130,294.1255965822139,0.3700165999999996,3,Synthetic\Lipschitz_energy_list_logs\kmedian__L=2.0__lmb=10__seed=3.txt
Synthetic,10,kmedian,2.0,79,297.5343173237069,0.4307110000000023,4,Synthetic\Lipschitz_energy_list_logs\kmedian__L=2.0__lmb=10__seed=4.txt
Synthetic,10,kmedian,2.0,130,288.9610872749962,0.4408056999999985,5,Synthetic\Lipschitz_energy_list_logs\kmedian__L=2.0__lmb=10__seed=5.txt
Synthetic,10,kmedian,2.0,131,289.1263229976704,0.48183939999999836,6,Synthetic\Lipschitz_energy_list_logs\kmedian__L=2.0__lmb=10__seed=6.txt
Synthetic,10,kmedian,2.0,113,290.4906112787012,0.3985827999999998,7,Synthetic\Lipschitz_energy_list_logs\kmedian__L=2.0__lmb=10__seed=7.txt
Synthetic,10,kmedian,2.0,31,295.89741317160326,0.36230299999999716,8,Synthetic\Lipschitz_energy_list_logs\kmedian__L=2.0__lmb=10__seed=8.txt
Synthetic,10,kmedian,2.0,120,290.15481794380764,0.44384910000000843,9,Synthetic\Lipschitz_energy_list_logs\kmedian__L=2.0__lmb=10__seed=9.txt
Synthetic,10,kmedian,2.0,131,291.23269956282934,0.43973110000000304,10,Synthetic\Lipschitz_energy_list_logs\kmedian__L=2.0__lmb=10__seed=10.txt
Synthetic,10,kmeans,2.0,90,373.65440603664223,0.42222340000000713,1,Synthetic\Lipschitz_energy_list_logs\kmeans__L=2.0__lmb=10__seed=1.txt
Synthetic,10,kmeans,2.0,6,344.0846380846791,0.3408468999999883,2,Synthetic\Lipschitz_energy_list_logs\kmeans__L=2.0__lmb=10__seed=2.txt
Synthetic,10,kmeans,2.0,92,370.1321051644696,0.43884020000000135,3,Synthetic\Lipschitz_energy_list_logs\kmeans__L=2.0__lmb=10__seed=3.txt
Synthetic,10,kmeans,2.0,44,365.6718907446383,0.34951599999999416,4,Synthetic\Lipschitz_energy_list_logs\kmeans__L=2.0__lmb=10__seed=4.txt
Synthetic,10,kmeans,2.0,90,370.47419638602923,0.3870072999999934,5,Synthetic\Lipschitz_energy_list_logs\kmeans__L=2.0__lmb=10__seed=5.txt
Synthetic,10,kmeans,2.0,93,369.03730956309016,0.48137629999999376,6,Synthetic\Lipschitz_energy_list_logs\kmeans__L=2.0__lmb=10__seed=6.txt
Synthetic,10,kmeans,2.0,77,367.7201412014424,0.44873989999999253,7,Synthetic\Lipschitz_energy_list_logs\kmeans__L=2.0__lmb=10__seed=7.txt
Synthetic,10,kmeans,2.0,12,373.2409335803196,0.37263520000000483,8,Synthetic\Lipschitz_energy_list_logs\kmeans__L=2.0__lmb=10__seed=8.txt
Synthetic,10,kmeans,2.0,82,369.89570927641205,0.4188551999999959,9,Synthetic\Lipschitz_energy_list_logs\kmeans__L=2.0__lmb=10__seed=9.txt
Synthetic,10,kmeans,2.0,80,363.193433683394,0.4209894000000105,10,Synthetic\Lipschitz_energy_list_logs\kmeans__L=2.0__lmb=10__seed=10.txt
Synthetic,10,ncut,2.0,3203,-1.2933093486069627,2.24681480000001,1,Synthetic\Lipschitz_energy_list_logs\ncut__L=2.0__lmb=10__seed=1.txt
Synthetic,10,ncut,2.0,6170,-0.39976939854006116,3.990031000000002,2,Synthetic\Lipschitz_energy_list_logs\ncut__L=2.0__lmb=10__seed=2.txt
Synthetic,10,ncut,2.0,3809,-0.9250374908151993,2.649045599999994,3,Synthetic\Lipschitz_energy_list_logs\ncut__L=2.0__lmb=10__seed=3.txt
Synthetic,10,ncut,2.0,6170,-0.39976939854006116,3.780260900000002,4,Synthetic\Lipschitz_energy_list_logs\ncut__L=2.0__lmb=10__seed=4.txt
Synthetic,10,ncut,2.0,3608,-1.0180647765136692,2.313192200000003,5,Synthetic\Lipschitz_energy_list_logs\ncut__L=2.0__lmb=10__seed=5.txt
Synthetic,10,ncut,2.0,3777,-0.9338210136283092,2.3545337000000046,6,Synthetic\Lipschitz_energy_list_logs\ncut__L=2.0__lmb=10__seed=6.txt
Synthetic,10,ncut,2.0,2111,-1.6836289306760357,1.4556850000000026,7,Synthetic\Lipschitz_energy_list_logs\ncut__L=2.0__lmb=10__seed=7.txt
Synthetic,10,ncut,2.0,1435,-1.995215875187338,1.0980597000000074,8,Synthetic\Lipschitz_energy_list_logs\ncut__L=2.0__lmb=10__seed=8.txt
Synthetic,10,ncut,2.0,2399,-1.617704049384289,1.6291740000000061,9,Synthetic\Lipschitz_energy_list_logs\ncut__L=2.0__lmb=10__seed=9.txt
Synthetic,10,ncut,2.0,4210,-0.7474187475567111,2.683794299999988,10,Synthetic\Lipschitz_energy_list_logs\ncut__L=2.0__lmb=10__seed=10.txt


Adult,10,kmedian,1e-05,7,19347.980051994145,0.6331325999999535,1,Adult\Lipschitz_energy_list_logs\kmedian__L=1e-05__lmb=10__seed=1.txt
Adult,10,kmedian,1e-05,7,19574.091580118944,0.7193377999999484,2,Adult\Lipschitz_energy_list_logs\kmedian__L=1e-05__lmb=10__seed=2.txt
Adult,10,kmedian,1e-05,6,19701.176514433617,0.6958028999999897,3,Adult\Lipschitz_energy_list_logs\kmedian__L=1e-05__lmb=10__seed=3.txt
Adult,10,kmedian,1e-05,11,19818.92615721866,1.0040526000000227,4,Adult\Lipschitz_energy_list_logs\kmedian__L=1e-05__lmb=10__seed=4.txt
Adult,10,kmedian,1e-05,9,19167.86199259058,0.9325947999998334,5,Adult\Lipschitz_energy_list_logs\kmedian__L=1e-05__lmb=10__seed=5.txt
Adult,10,kmedian,1e-05,9,19236.94411757307,0.7563215000000127,6,Adult\Lipschitz_energy_list_logs\kmedian__L=1e-05__lmb=10__seed=6.txt
Adult,10,kmedian,1e-05,7,19487.835191774877,0.66265199999998,7,Adult\Lipschitz_energy_list_logs\kmedian__L=1e-05__lmb=10__seed=7.txt
Adult,10,kmedian,1e-05,10,19918.877322139324,0.7648862000000918,8,Adult\Lipschitz_energy_list_logs\kmedian__L=1e-05__lmb=10__seed=8.txt
Adult,10,kmedian,1e-05,10,19209.867936682924,0.7644998999999189,9,Adult\Lipschitz_energy_list_logs\kmedian__L=1e-05__lmb=10__seed=9.txt
Adult,10,kmedian,1e-05,14,18673.09014956404,1.0450733999998647,10,Adult\Lipschitz_energy_list_logs\kmedian__L=1e-05__lmb=10__seed=10.txt
Adult,10,kmeans,1e-05,6,12993.755647413904,0.6689054999999371,1,Adult\Lipschitz_energy_list_logs\kmeans__L=1e-05__lmb=10__seed=1.txt
Adult,10,kmeans,1e-05,5,13347.595629325706,0.5393192999999883,2,Adult\Lipschitz_energy_list_logs\kmeans__L=1e-05__lmb=10__seed=2.txt
Adult,10,kmeans,1e-05,9,13442.593326881915,0.7543971000000056,3,Adult\Lipschitz_energy_list_logs\kmeans__L=1e-05__lmb=10__seed=3.txt
Adult,10,kmeans,1e-05,7,13440.852180685131,0.6305019999999786,4,Adult\Lipschitz_energy_list_logs\kmeans__L=1e-05__lmb=10__seed=4.txt
Adult,10,kmeans,1e-05,8,12813.614287237682,0.7117789000001267,5,Adult\Lipschitz_energy_list_logs\kmeans__L=1e-05__lmb=10__seed=5.txt
Adult,10,kmeans,1e-05,9,13046.152133949878,0.7660530000000563,6,Adult\Lipschitz_energy_list_logs\kmeans__L=1e-05__lmb=10__seed=6.txt
Adult,10,kmeans,1e-05,13,13251.158157948226,0.9040623000000778,7,Adult\Lipschitz_energy_list_logs\kmeans__L=1e-05__lmb=10__seed=7.txt
Adult,10,kmeans,1e-05,5,13916.282977212175,0.557665199999974,8,Adult\Lipschitz_energy_list_logs\kmeans__L=1e-05__lmb=10__seed=8.txt
Adult,10,kmeans,1e-05,7,12961.95434757567,0.6471040999999786,9,Adult\Lipschitz_energy_list_logs\kmeans__L=1e-05__lmb=10__seed=9.txt
Adult,10,kmeans,1e-05,6,12390.116336595498,0.6425618999999188,10,Adult\Lipschitz_energy_list_logs\kmeans__L=1e-05__lmb=10__seed=10.txt
Adult,10,ncut,1e-05,5,-1.814497530788355e+20,0.606352200000174,1,Adult\Lipschitz_energy_list_logs\ncut__L=1e-05__lmb=10__seed=1.txt
Adult,10,ncut,1e-05,5,-3.5070833819599774e+19,0.5768995000000814,2,Adult\Lipschitz_energy_list_logs\ncut__L=1e-05__lmb=10__seed=2.txt
Adult,10,ncut,1e-05,5,-1.8144975307883558e+20,0.575365900000179,3,Adult\Lipschitz_energy_list_logs\ncut__L=1e-05__lmb=10__seed=3.txt
Adult,10,ncut,1e-05,5,-1.8144975307883554e+20,0.6042637000000468,4,Adult\Lipschitz_energy_list_logs\ncut__L=1e-05__lmb=10__seed=4.txt
Adult,10,ncut,1e-05,5,-3.534679246592391e+19,0.5646332000001166,5,Adult\Lipschitz_energy_list_logs\ncut__L=1e-05__lmb=10__seed=5.txt
Adult,10,ncut,1e-05,5,-1.8144975307883548e+20,0.6429141999999501,6,Adult\Lipschitz_energy_list_logs\ncut__L=1e-05__lmb=10__seed=6.txt
Adult,10,ncut,1e-05,5,-1.8126120020883764e+20,0.5657278000001043,7,Adult\Lipschitz_energy_list_logs\ncut__L=1e-05__lmb=10__seed=7.txt
Adult,10,ncut,1e-05,5,-1.751373560394326e+20,0.7082965999998123,8,Adult\Lipschitz_energy_list_logs\ncut__L=1e-05__lmb=10__seed=8.txt
Adult,10,ncut,1e-05,5,-1.814497530788355e+20,0.5697354000001269,9,Adult\Lipschitz_energy_list_logs\ncut__L=1e-05__lmb=10__seed=9.txt
Adult,10,ncut,1e-05,5,-1.807782402260362e+20,0.5904637000001003,10,Adult\Lipschitz_energy_list_logs\ncut__L=1e-05__lmb=10__seed=10.txt
Adult,10,kmedian,0.0001,4,19349.313411964307,0.5670645999998669,1,Adult\Lipschitz_energy_list_logs\kmedian__L=0.0001__lmb=10__seed=1.txt
Adult,10,kmedian,0.0001,7,19574.144629861374,0.6578600000000279,2,Adult\Lipschitz_energy_list_logs\kmedian__L=0.0001__lmb=10__seed=2.txt
Adult,10,kmedian,0.0001,8,19701.313281378294,0.7531021999998302,3,Adult\Lipschitz_energy_list_logs\kmedian__L=0.0001__lmb=10__seed=3.txt
Adult,10,kmedian,0.0001,7,19819.249357303906,0.7228637999999137,4,Adult\Lipschitz_energy_list_logs\kmedian__L=0.0001__lmb=10__seed=4.txt
Adult,10,kmedian,0.0001,7,19167.863066063812,0.6825316999997995,5,Adult\Lipschitz_energy_list_logs\kmedian__L=0.0001__lmb=10__seed=5.txt
Adult,10,kmedian,0.0001,6,19237.37857341612,0.6297609999999167,6,Adult\Lipschitz_energy_list_logs\kmedian__L=0.0001__lmb=10__seed=6.txt
Adult,10,kmedian,0.0001,7,19487.854270779335,0.721392700000024,7,Adult\Lipschitz_energy_list_logs\kmedian__L=0.0001__lmb=10__seed=7.txt
Adult,10,kmedian,0.0001,10,19918.92444074845,0.8280068000001393,8,Adult\Lipschitz_energy_list_logs\kmedian__L=0.0001__lmb=10__seed=8.txt
Adult,10,kmedian,0.0001,5,19215.243669245323,0.6509303000000273,9,Adult\Lipschitz_energy_list_logs\kmedian__L=0.0001__lmb=10__seed=9.txt
Adult,10,kmedian,0.0001,6,18673.723433708576,0.6979402000001755,10,Adult\Lipschitz_energy_list_logs\kmedian__L=0.0001__lmb=10__seed=10.txt
Adult,10,kmeans,0.0001,6,12993.75662488393,0.7064464999998563,1,Adult\Lipschitz_energy_list_logs\kmeans__L=0.0001__lmb=10__seed=1.txt
Adult,10,kmeans,0.0001,6,13347.603530668111,0.6499922000000424,2,Adult\Lipschitz_energy_list_logs\kmeans__L=0.0001__lmb=10__seed=2.txt
Adult,10,kmeans,0.0001,7,13442.669111918143,0.5738232999999999,3,Adult\Lipschitz_energy_list_logs\kmeans__L=0.0001__lmb=10__seed=3.txt
Adult,10,kmeans,0.0001,4,13441.125581410748,0.31030579999999996,4,Adult\Lipschitz_energy_list_logs\kmeans__L=0.0001__lmb=10__seed=4.txt
Adult,10,kmeans,0.0001,9,12813.619370562137,0.5373990999999998,5,Adult\Lipschitz_energy_list_logs\kmeans__L=0.0001__lmb=10__seed=5.txt
Adult,10,kmeans,0.0001,6,13046.600913705563,0.3943485,6,Adult\Lipschitz_energy_list_logs\kmeans__L=0.0001__lmb=10__seed=6.txt
Adult,10,kmeans,0.0001,9,13251.404807897154,0.5917286000000002,7,Adult\Lipschitz_energy_list_logs\kmeans__L=0.0001__lmb=10__seed=7.txt
Adult,10,kmeans,0.0001,5,13916.52072359687,0.4042441000000001,8,Adult\Lipschitz_energy_list_logs\kmeans__L=0.0001__lmb=10__seed=8.txt
Adult,10,kmeans,0.0001,5,12963.531654704348,0.36188030000000015,9,Adult\Lipschitz_energy_list_logs\kmeans__L=0.0001__lmb=10__seed=9.txt
Adult,10,kmeans,0.0001,6,12390.17035832948,0.42506679999999974,10,Adult\Lipschitz_energy_list_logs\kmeans__L=0.0001__lmb=10__seed=10.txt
Adult,10,ncut,0.0001,5,-108412476473692.81,0.46298480000000053,1,Adult\Lipschitz_energy_list_logs\ncut__L=0.0001__lmb=10__seed=1.txt
Adult,10,ncut,0.0001,6,-1.4581987653941756e+20,0.42602340000000005,2,Adult\Lipschitz_energy_list_logs\ncut__L=0.0001__lmb=10__seed=2.txt
Adult,10,ncut,0.0001,5,-139813491040113.25,0.3841184000000002,3,Adult\Lipschitz_energy_list_logs\ncut__L=0.0001__lmb=10__seed=3.txt
Adult,10,ncut,0.0001,5,-3.562987653941775e+19,0.39161619999999964,4,Adult\Lipschitz_energy_list_logs\ncut__L=0.0001__lmb=10__seed=4.txt
Adult,10,ncut,0.0001,6,-1.4581987653941758e+20,0.4187807000000001,5,Adult\Lipschitz_energy_list_logs\ncut__L=0.0001__lmb=10__seed=5.txt
Adult,10,ncut,0.0001,5,-276050857910809.47,0.37130870000000016,6,Adult\Lipschitz_energy_list_logs\ncut__L=0.0001__lmb=10__seed=6.txt
Adult,10,ncut,0.0001,5,-3353446810452532.0,0.38255329999999965,7,Adult\Lipschitz_energy_list_logs\ncut__L=0.0001__lmb=10__seed=7.txt
Adult,10,ncut,0.0001,5,-3.5629876585251946e+19,0.39844930000000023,8,Adult\Lipschitz_energy_list_logs\ncut__L=0.0001__lmb=10__seed=8.txt
Adult,10,ncut,0.0001,5,-602762824854.1761,0.3819037000000005,9,Adult\Lipschitz_energy_list_logs\ncut__L=0.0001__lmb=10__seed=9.txt
Adult,10,ncut,0.0001,5,-4.5237935964439347e+18,0.3901830000000004,10,Adult\Lipschitz_energy_list_logs\ncut__L=0.0001__lmb=10__seed=10.txt
Adult,10,kmedian,0.001,7,19348.205271738083,0.4308759999999996,1,Adult\Lipschitz_energy_list_logs\kmedian__L=0.001__lmb=10__seed=1.txt
Adult,10,kmedian,0.001,8,19574.22412463427,0.46137039999999985,2,Adult\Lipschitz_energy_list_logs\kmedian__L=0.001__lmb=10__seed=2.txt
Adult,10,kmedian,0.001,7,19701.29056145382,0.4354185000000008,3,Adult\Lipschitz_energy_list_logs\kmedian__L=0.001__lmb=10__seed=3.txt
Adult,10,kmedian,0.001,7,19819.173099812284,0.43087180000000025,4,Adult\Lipschitz_energy_list_logs\kmedian__L=0.001__lmb=10__seed=4.txt
Adult,10,kmedian,0.001,7,19167.990704323285,0.4896204999999991,5,Adult\Lipschitz_energy_list_logs\kmedian__L=0.001__lmb=10__seed=5.txt
Adult,10,kmedian,0.001,7,19237.196958862507,0.44134549999999884,6,Adult\Lipschitz_energy_list_logs\kmedian__L=0.001__lmb=10__seed=6.txt
Adult,10,kmedian,0.001,7,19488.089283562073,0.43606559999999916,7,Adult\Lipschitz_energy_list_logs\kmedian__L=0.001__lmb=10__seed=7.txt
Adult,10,kmedian,0.001,8,19919.051451597246,0.4888408000000002,8,Adult\Lipschitz_energy_list_logs\kmedian__L=0.001__lmb=10__seed=8.txt
Adult,10,kmedian,0.001,7,19210.20617194794,0.4484502999999993,9,Adult\Lipschitz_energy_list_logs\kmedian__L=0.001__lmb=10__seed=9.txt
Adult,10,kmedian,0.001,7,18673.356710024203,0.4479892000000003,10,Adult\Lipschitz_energy_list_logs\kmedian__L=0.001__lmb=10__seed=10.txt
Adult,10,kmeans,0.001,7,12993.922156762475,0.4648941999999998,1,Adult\Lipschitz_energy_list_logs\kmeans__L=0.001__lmb=10__seed=1.txt
Adult,10,kmeans,0.001,7,13347.719797612457,0.467743200000001,2,Adult\Lipschitz_energy_list_logs\kmeans__L=0.001__lmb=10__seed=2.txt
Adult,10,kmeans,0.001,7,13442.769847622327,0.45568650000000055,3,Adult\Lipschitz_energy_list_logs\kmeans__L=0.001__lmb=10__seed=3.txt
Adult,10,kmeans,0.001,7,13441.01350225906,0.4661854999999999,4,Adult\Lipschitz_energy_list_logs\kmeans__L=0.001__lmb=10__seed=4.txt
Adult,10,kmeans,0.001,7,12813.74583758868,0.4590879000000001,5,Adult\Lipschitz_energy_list_logs\kmeans__L=0.001__lmb=10__seed=5.txt
Adult,10,kmeans,0.001,7,13046.290905522426,0.4551324999999995,6,Adult\Lipschitz_energy_list_logs\kmeans__L=0.001__lmb=10__seed=6.txt
Adult,10,kmeans,0.001,6,13251.329405941537,0.43265589999999676,7,Adult\Lipschitz_energy_list_logs\kmeans__L=0.001__lmb=10__seed=7.txt
Adult,10,kmeans,0.001,7,13916.421595253369,0.4711400000000019,8,Adult\Lipschitz_energy_list_logs\kmeans__L=0.001__lmb=10__seed=8.txt
Adult,10,kmeans,0.001,7,12962.124802002907,0.4613127000000006,9,Adult\Lipschitz_energy_list_logs\kmeans__L=0.001__lmb=10__seed=9.txt
Adult,10,kmeans,0.001,8,12390.230263049303,0.4996358999999977,10,Adult\Lipschitz_energy_list_logs\kmeans__L=0.001__lmb=10__seed=10.txt
Adult,10,ncut,0.001,199,-8.782537564630958,6.895919899999999,1,Adult\Lipschitz_energy_list_logs\ncut__L=0.001__lmb=10__seed=1.txt
Adult,10,ncut,0.001,10,0.0,0.5799010999999972,2,Adult\Lipschitz_energy_list_logs\ncut__L=0.001__lmb=10__seed=2.txt
Adult,10,ncut,0.001,194,-8.745599194255021,6.701026600000002,3,Adult\Lipschitz_energy_list_logs\ncut__L=0.001__lmb=10__seed=3.txt
Adult,10,ncut,0.001,213,-8.634457878424932,7.501942700000001,4,Adult\Lipschitz_energy_list_logs\ncut__L=0.001__lmb=10__seed=4.txt
Adult,10,ncut,0.001,10,0.0,0.5766077999999979,5,Adult\Lipschitz_energy_list_logs\ncut__L=0.001__lmb=10__seed=5.txt
Adult,10,ncut,0.001,222,-8.607847160347967,7.695577,6,Adult\Lipschitz_energy_list_logs\ncut__L=0.001__lmb=10__seed=6.txt
Adult,10,ncut,0.001,217,-8.630496980611655,7.6101097999999965,7,Adult\Lipschitz_energy_list_logs\ncut__L=0.001__lmb=10__seed=7.txt
Adult,10,ncut,0.001,224,-8.586895465540325,7.858791400000001,8,Adult\Lipschitz_energy_list_logs\ncut__L=0.001__lmb=10__seed=8.txt
Adult,10,ncut,0.001,213,-8.693614523163122,7.446982300000002,9,Adult\Lipschitz_energy_list_logs\ncut__L=0.001__lmb=10__seed=9.txt
Adult,10,ncut,0.001,212,-8.62321980479887,7.4209967999999975,10,Adult\Lipschitz_energy_list_logs\ncut__L=0.001__lmb=10__seed=10.txt
Adult,10,kmedian,0.01,11,19348.53045894415,0.5946545999999984,1,Adult\Lipschitz_energy_list_logs\kmedian__L=0.01__lmb=10__seed=1.txt
Adult,10,kmedian,0.01,11,19574.5708429513,0.5868337999999937,2,Adult\Lipschitz_energy_list_logs\kmedian__L=0.01__lmb=10__seed=2.txt
Adult,10,kmedian,0.01,12,19701.513035152308,0.622344499999997,3,Adult\Lipschitz_energy_list_logs\kmedian__L=0.01__lmb=10__seed=3.txt
Adult,10,kmedian,0.01,11,19819.49393020217,0.5894473000000033,4,Adult\Lipschitz_energy_list_logs\kmedian__L=0.01__lmb=10__seed=4.txt
Adult,10,kmedian,0.01,11,19168.345336396556,0.5789478000000088,5,Adult\Lipschitz_energy_list_logs\kmedian__L=0.01__lmb=10__seed=5.txt
Adult,10,kmedian,0.01,11,19237.51176775914,0.5799196999999907,6,Adult\Lipschitz_energy_list_logs\kmedian__L=0.01__lmb=10__seed=6.txt
Adult,10,kmedian,0.01,11,19488.370052193142,0.6115427999999952,7,Adult\Lipschitz_energy_list_logs\kmedian__L=0.01__lmb=10__seed=7.txt
Adult,10,kmedian,0.01,11,19919.468131532776,0.5937148000000008,8,Adult\Lipschitz_energy_list_logs\kmedian__L=0.01__lmb=10__seed=8.txt
Adult,10,kmedian,0.01,11,19210.411838274427,0.5849327000000102,9,Adult\Lipschitz_energy_list_logs\kmedian__L=0.01__lmb=10__seed=9.txt
Adult,10,kmedian,0.01,12,18673.621460088423,0.6389368999999903,10,Adult\Lipschitz_energy_list_logs\kmedian__L=0.01__lmb=10__seed=10.txt
Adult,10,kmeans,0.01,11,12994.089390673636,0.6026913000000036,1,Adult\Lipschitz_energy_list_logs\kmeans__L=0.01__lmb=10__seed=1.txt
Adult,10,kmeans,0.01,11,13347.886074053089,0.6128956999999957,2,Adult\Lipschitz_energy_list_logs\kmeans__L=0.01__lmb=10__seed=2.txt
Adult,10,kmeans,0.01,11,13442.943613118603,0.6005322999999976,3,Adult\Lipschitz_energy_list_logs\kmeans__L=0.01__lmb=10__seed=3.txt
Adult,10,kmeans,0.01,11,13441.221706078335,0.618515599999995,4,Adult\Lipschitz_energy_list_logs\kmeans__L=0.01__lmb=10__seed=4.txt
Adult,10,kmeans,0.01,11,12813.916835598315,0.6130447999999973,5,Adult\Lipschitz_energy_list_logs\kmeans__L=0.01__lmb=10__seed=5.txt
Adult,10,kmeans,0.01,11,13046.52066257712,0.6126622000000026,6,Adult\Lipschitz_energy_list_logs\kmeans__L=0.01__lmb=10__seed=6.txt
Adult,10,kmeans,0.01,11,13251.460787666565,0.5991544999999974,7,Adult\Lipschitz_energy_list_logs\kmeans__L=0.01__lmb=10__seed=7.txt
Adult,10,kmeans,0.01,11,13916.664793697051,0.6103485000000006,8,Adult\Lipschitz_energy_list_logs\kmeans__L=0.01__lmb=10__seed=8.txt
Adult,10,kmeans,0.01,11,12962.295855752169,0.6074353000000059,9,Adult\Lipschitz_energy_list_logs\kmeans__L=0.01__lmb=10__seed=9.txt
Adult,10,kmeans,0.01,12,12390.456299561869,0.6416116999999986,10,Adult\Lipschitz_energy_list_logs\kmeans__L=0.01__lmb=10__seed=10.txt
Adult,10,ncut,0.01,494,-8.769420652177145,16.622119299999994,1,Adult\Lipschitz_energy_list_logs\ncut__L=0.01__lmb=10__seed=1.txt
Adult,10,ncut,0.01,492,-8.725601749682015,16.9565075,2,Adult\Lipschitz_energy_list_logs\ncut__L=0.01__lmb=10__seed=2.txt
Adult,10,ncut,0.01,486,-8.733608481220339,16.41489030000001,3,Adult\Lipschitz_energy_list_logs\ncut__L=0.01__lmb=10__seed=3.txt
Adult,10,ncut,0.01,501,-8.622069855288398,17.710230499999994,4,Adult\Lipschitz_energy_list_logs\ncut__L=0.01__lmb=10__seed=4.txt
Adult,10,ncut,0.01,493,-8.669272210368806,17.668752799999993,5,Adult\Lipschitz_energy_list_logs\ncut__L=0.01__lmb=10__seed=5.txt
Adult,10,ncut,0.01,514,-8.5944205552879,17.93887330000001,6,Adult\Lipschitz_energy_list_logs\ncut__L=0.01__lmb=10__seed=6.txt
Adult,10,ncut,0.01,505,-8.618598659180382,17.560720299999986,7,Adult\Lipschitz_energy_list_logs\ncut__L=0.01__lmb=10__seed=7.txt
Adult,10,ncut,0.01,525,-8.57502509638815,18.36342670000002,8,Adult\Lipschitz_energy_list_logs\ncut__L=0.01__lmb=10__seed=8.txt
Adult,10,ncut,0.01,500,-8.68158305839513,17.414232700000014,9,Adult\Lipschitz_energy_list_logs\ncut__L=0.01__lmb=10__seed=9.txt
Adult,10,ncut,0.01,506,-8.610536188730695,17.54966620000002,10,Adult\Lipschitz_energy_list_logs\ncut__L=0.01__lmb=10__seed=10.txt
Adult,10,kmedian,0.1,23,19349.60198737223,1.0843639999999937,1,Adult\Lipschitz_energy_list_logs\kmedian__L=0.1__lmb=10__seed=1.txt
Adult,10,kmedian,0.1,23,19575.619974933383,1.1520093999999972,2,Adult\Lipschitz_energy_list_logs\kmedian__L=0.1__lmb=10__seed=2.txt
Adult,10,kmedian,0.1,24,19702.731258164982,1.179142000000013,3,Adult\Lipschitz_energy_list_logs\kmedian__L=0.1__lmb=10__seed=3.txt
Adult,10,kmedian,0.1,23,19820.708819849,1.1337555000000066,4,Adult\Lipschitz_energy_list_logs\kmedian__L=0.1__lmb=10__seed=4.txt
Adult,10,kmedian,0.1,23,19169.392735999154,1.0860906999999997,5,Adult\Lipschitz_energy_list_logs\kmedian__L=0.1__lmb=10__seed=5.txt
Adult,10,kmedian,0.1,24,19238.56915087934,1.179069400000003,6,Adult\Lipschitz_energy_list_logs\kmedian__L=0.1__lmb=10__seed=6.txt
Adult,10,kmedian,0.1,23,19489.52463843113,1.122213199999976,7,Adult\Lipschitz_energy_list_logs\kmedian__L=0.1__lmb=10__seed=7.txt
Adult,10,kmedian,0.1,23,19920.549255763373,1.123984499999949,8,Adult\Lipschitz_energy_list_logs\kmedian__L=0.1__lmb=10__seed=8.txt
Adult,10,kmedian,0.1,23,19211.588213640705,1.1104017000000113,9,Adult\Lipschitz_energy_list_logs\kmedian__L=0.1__lmb=10__seed=9.txt
Adult,10,kmedian,0.1,24,18674.894390343172,1.2061912000000348,10,Adult\Lipschitz_energy_list_logs\kmedian__L=0.1__lmb=10__seed=10.txt
Adult,10,kmeans,0.1,23,12994.80390309038,1.1383289999999988,1,Adult\Lipschitz_energy_list_logs\kmeans__L=0.1__lmb=10__seed=1.txt
Adult,10,kmeans,0.1,22,13348.635345818506,1.0827152999999612,2,Adult\Lipschitz_energy_list_logs\kmeans__L=0.1__lmb=10__seed=2.txt
Adult,10,kmeans,0.1,23,13443.711093783208,1.124994299999969,3,Adult\Lipschitz_energy_list_logs\kmeans__L=0.1__lmb=10__seed=3.txt
Adult,10,kmeans,0.1,23,13441.951666295103,1.1184525000000463,4,Adult\Lipschitz_energy_list_logs\kmeans__L=0.1__lmb=10__seed=4.txt
Adult,10,kmeans,0.1,22,12814.660643438887,1.1561523999999963,5,Adult\Lipschitz_energy_list_logs\kmeans__L=0.1__lmb=10__seed=5.txt
Adult,10,kmeans,0.1,23,13047.242065737457,1.1304981000000112,6,Adult\Lipschitz_energy_list_logs\kmeans__L=0.1__lmb=10__seed=6.txt
Adult,10,kmeans,0.1,22,13252.285904754266,1.084844299999986,7,Adult\Lipschitz_energy_list_logs\kmeans__L=0.1__lmb=10__seed=7.txt
Adult,10,kmeans,0.1,23,13917.436021646552,1.1166744000000222,8,Adult\Lipschitz_energy_list_logs\kmeans__L=0.1__lmb=10__seed=8.txt
Adult,10,kmeans,0.1,23,12963.021843375494,1.129804399999955,9,Adult\Lipschitz_energy_list_logs\kmeans__L=0.1__lmb=10__seed=9.txt
Adult,10,kmeans,0.1,24,12391.249895109499,1.2000176999999894,10,Adult\Lipschitz_energy_list_logs\kmeans__L=0.1__lmb=10__seed=10.txt
Adult,10,ncut,0.1,2318,-8.7063236772966,79.25196460000001,1,Adult\Lipschitz_energy_list_logs\ncut__L=0.1__lmb=10__seed=1.txt
Adult,10,ncut,0.1,2323,-8.663246897058027,79.41218729999997,2,Adult\Lipschitz_energy_list_logs\ncut__L=0.1__lmb=10__seed=2.txt
Adult,10,ncut,0.1,2312,-8.672381591993092,78.91519200000005,3,Adult\Lipschitz_energy_list_logs\ncut__L=0.1__lmb=10__seed=3.txt
